,Asteroid Name,First Burn (m/s),Second Burn (m/s),Total Burn (m/s),Total TOF (days),Burn Method
0,101955 Bennu (1999 RQ36),-820.7822307096285,2212.0543666761005,3032.836597385729,168.68954128724332,Periapsis_Match_First
1,152563 (1992 BF),-3210.4486991341837,1116.855978337735,4327.304677471919,138.24550945289857,Periapsis_Match_First
2,10302 (1989 ML),692.2867381600372,2554.325575962961,3246.612314122998,196.31210016533814,Periapsis_Match_First
3,7474 (1992 TC),753.536208848207,4604.778362851099,5358.314571699306,197.62103235168166,Periapsis_Match_First
4,98943 (2001 CC21),-1644.6201817019864,1719.4407364442523,3364.0609181462387,156.71857371302116,Periapsis_Match_First
5,162173 Ryugu (1999 JU3),-279.6328706046261,2478.516630308677,2758.149500913303,177.62583337979646,Periapsis_Match_First
6,65679 (1989 UQ),-3070.76808217711,1132.2569839767602,4203.02506615387,139.7033465031167,Periapsis_Match_First
7,1943 Anteros (1973 EC),460.0370337619679,3938.134616095158,4398.171649857126,191.50043446866434,Periapsis_Match_First
